distancia_km,pasajeros,hora_recoleccion,zona_origen,zona_destino,duracion_minutos
2.6071308,1,20,236,74,8.216666666666667
2.9611856000000003,1,9,74,166,12.033333333333333
8.9962106,1,20,65,63,31.066666666666666
3.0416526,1,20,74,263,10.766666666666667
6.759228,4,14,166,48,14.316666666666666
4.345218,1,22,74,238,13.483333333333333
2.8807186000000002,1,10,74,236,10.583333333333334
1.3196588,1,18,43,236,2.95
1.7541806000000002,2,15,97,97,11.283333333333333
5.7614372000000005,1,14,82,138,10.266666666666667
2.8324384,1,14,75,238,16.133333333333333
4.0716301999999995,1,16,82,138,10.516666666666667
2.1565156,1,6,74,75,6.266666666666667
16.045119800000002,1,12,244,113,32.88333333333333
6.7753214,1,17,74,244,22.15
2.4783836,1,14,74,166,9.866666666666667
1.8668344,1,23,173,173,9.15
2.1404222,1,14,74,74,11.233333333333333
4.3613114,1,17,130,121,20.433333333333334
2.655411,1,10,43,239,10.766666666666667
1.6737136000000001,1,13,41,24,7.966666666666667
1.9633947999999999,1,21,33,52,8.766666666666667
1.1265379999999998,1,20,92,171,7.633333333333334
2.6875978,1,13,97,189,10.383333333333333
0.9334172,1,21,166,24,7.05
2.5749440000000003,2,8,74,236,18.816666666666666
3.057746,1,16,65,189,18.133333333333333
5.471756,1,6,74,141,18.25
2.1887024,1,14,75,74,5.55
27.117379000000003,1,14,74,132,42.75
3.1543064,1,18,66,25,13.65
4.0394434,1,14,166,244,11.616666666666667
4.586619,1,13,97,225,18.233333333333334
1.9794882,1,10,95,173,9.016666666666667
6.179865599999999,1,13,226,196,24.183333333333334
10.138842,1,15,244,142,23.683333333333334
2.2369825999999997,5,9,74,75,20.316666666666666
2.7841582,1,11,74,236,11.883333333333333
2.2530759999999996,1,9,74,75,8.016666666666667
1.7702740000000001,1,15,66,33,6.3
2.0599552,1,19,74,152,8.983333333333333
4.184284,1,9,74,237,15.133333333333333
2.4461968,1,12,74,75,8.0
2.6875978,1,0,95,28,5.616666666666666
2.1565156,1,9,74,43,7.333333333333333
3.8302292,1,15,74,263,13.266666666666667
6.2120524,2,15,82,138,11.666666666666666
3.1060262,1,21,74,236,9.766666666666667
4.9889540000000006,1,16,74,238,22.233333333333334
7.3707772,1,7,74,244,15.25
2.3496364,1,9,74,75,11.883333333333333
2.2208892,1,7,74,75,8.883333333333333
2.3496364,1,13,42,166,10.366666666666667
2.6875978,1,20,166,116,9.716666666666667
2.172609,1,14,74,41,8.233333333333333
6.7753214,1,21,66,255,16.016666666666666
1.5771532,1,17,134,134,8.35
2.5749440000000003,1,12,75,237,9.533333333333333
3.2508668,1,14,74,236,10.0
2.1082354,1,10,74,43,9.933333333333334
1.9955816,1,20,97,189,7.1
5.149888000000001,1,15,75,143,21.666666666666668
3.2347733999999995,1,15,75,237,15.466666666666667
6.8879752000000005,1,0,80,160,22.683333333333334
25.9747476,1,8,41,205,58.95
1.5932466,1,17,43,236,4.616666666666666
5.4073823999999995,1,6,74,140,17.133333333333333
3.9589764,1,17,82,196,24.1
1.2552852,5,17,95,95,8.516666666666667
3.7014819999999995,1,11,42,238,12.883333333333333
14.644993999999999,1,8,130,9,25.35
2.41401,1,15,75,74,12.266666666666667
2.4944770000000003,1,17,75,74,13.7
1.4644994,1,16,42,41,6.716666666666667
22.369826,1,12,130,246,41.38333333333333
0.7885766,2,20,83,83,3.8
2.6232241999999997,1,2,145,229,6.216666666666667
2.5588506,1,7,43,236,18.083333333333332
2.092142,1,20,75,74,4.616666666666666
2.3013562,2,11,74,75,5.616666666666666
2.7680648,1,14,74,236,11.95
0.9495106,1,13,42,41,7.0
10.2675892,1,3,95,145,17.866666666666667
2.1887024,1,9,74,75,10.4
6.0028382,1,16,82,138,9.383333333333333
3.9911632,1,14,74,238,18.25
3.7014819999999995,3,16,75,141,15.516666666666667
2.4944770000000003,1,15,41,43,10.483333333333333
4.409591600000001,1,19,74,236,10.9
3.8624159999999996,1,11,74,263,17.4
10.7503912,2,20,75,129,36.1
0.9012304000000001,1,8,166,166,2.0
1.9955816,1,21,7,223,6.633333333333334
3.5083612000000004,2,14,43,239,13.966666666666667
8.3524746,1,11,43,146,32.016666666666666
6.5500138,6,9,75,68,17.15
3.6371084,1,11,24,142,11.083333333333334
3.3474272000000003,1,21,74,236,11.55
4.02335,1,20,74,263,12.916666666666666
3.0094658,1,15,75,141,15.733333333333333
3.6853886,1,11,130,10,13.7
3.621015,1,13,75,163,24.533333333333335
2.2852628,1,11,74,41,6.383333333333334
2.3013562,1,23,74,75,7.066666666666666
4.007256600000001,1,16,75,140,15.266666666666667
3.1703997999999998,1,23,95,197,9.533333333333333
2.5427572,1,12,74,42,10.616666666666667
3.0094658,5,13,95,196,14.766666666666667
4.667085999999999,1,19,74,239,15.683333333333334
13.309241799999999,1,23,66,161,26.033333333333335
1.6415268,2,17,129,260,5.483333333333333
2.2369825999999997,1,9,74,43,8.4
2.7519714,1,20,74,75,9.7
1.9312079999999998,2,7,74,75,9.183333333333334
8.1593538,1,20,130,132,14.883333333333333
5.9384646,1,19,74,163,22.35
2.1887024,6,15,75,74,6.933333333333334
2.2047958000000003,4,22,75,74,4.633333333333334
4.3291246,2,9,74,238,14.95
3.3474272000000003,1,23,65,40,11.8
2.2208892,1,6,74,75,8.5
2.7036911999999997,1,18,66,65,10.266666666666667
2.5910374000000003,1,2,129,70,15.633333333333333
5.8901844,1,7,129,145,28.383333333333333
0.5793623999999999,1,22,75,236,1.2833333333333334
3.057746,1,10,74,166,14.083333333333334
1.3357522,1,18,82,82,16.35
2.5105704,1,15,75,238,12.05
9.479012599999999,1,0,255,231,19.416666666666668
1.3518455999999999,1,8,75,41,4.7
3.0416526,1,17,75,74,7.316666666666666
4.473965199999999,2,17,74,262,16.183333333333334
1.448406,1,9,75,236,5.65
2.735878,4,12,75,166,10.616666666666667
3.7014819999999995,1,16,74,116,19.416666666666668
2.6875978,1,16,74,236,9.45
1.3035654,1,16,95,95,8.0
0.8368568000000001,2,15,116,116,4.983333333333333
3.621015,2,11,97,17,20.333333333333332
3.7175754,1,16,43,142,14.633333333333333
5.809717399999999,1,10,74,244,13.466666666666667
2.4622902,1,8,74,166,11.116666666666667
1.5127796,1,9,42,247,5.633333333333334
5.2142616,2,9,74,140,21.533333333333335
1.448406,1,18,75,263,6.0
2.9129054,1,19,75,74,8.25
2.2047958000000003,1,17,74,75,6.65
14.9346752,1,7,132,191,21.016666666666666
2.2691694,1,9,74,75,19.316666666666666
1.2230984,1,13,74,42,8.533333333333333
5.1820748000000005,3,19,129,7,18.166666666666668
1.4805928000000002,2,18,260,226,5.5
2.0277684,1,16,75,74,4.816666666666666
3.0094658,2,12,75,166,13.183333333333334
0.5632689999999999,1,17,236,236,3.033333333333333
1.4162192,5,7,74,75,5.2
4.184284,1,1,226,82,13.3
3.3152404,1,21,74,116,11.65
3.138213,1,7,74,166,13.916666666666666
1.7541806000000002,1,17,43,236,10.416666666666666
4.1360038,1,13,74,238,11.883333333333333
2.5427572,1,17,75,236,11.75
3.1864932,1,17,43,236,10.683333333333334
6.195959,1,6,152,142,9.116666666666667
5.6648768,1,12,74,244,17.016666666666666
5.4234758,2,16,74,239,21.9
9.2054248,1,14,43,234,40.083333333333336
1.4966862,1,17,43,238,5.133333333333334
2.5427572,1,14,75,263,8.95
7.0810960000000005,1,8,74,170,27.35
2.8646252,1,10,74,75,12.066666666666666
1.6576202,2,16,75,74,7.55
10.8952318,1,6,74,138,14.15
3.8785094,1,14,74,263,18.333333333333332
6.2281458,1,16,82,138,14.733333333333333
2.8324384,1,8,74,75,16.7
5.6005032,1,7,74,142,23.583333333333332
3.8624159999999996,1,21,75,152,14.166666666666666
6.3247062000000005,1,15,75,186,31.65
4.8119266000000005,1,18,75,48,14.583333333333334
2.4461968,1,15,95,95,20.366666666666667
3.5888282,1,8,74,236,16.183333333333334
8.690436,1,7,74,213,19.266666666666666
2.3013562,1,15,95,134,11.8
4.6348991999999996,1,15,166,142,12.816666666666666
5.3269154,1,19,66,49,19.683333333333334
2.2047958000000003,1,18,75,74,5.0
3.6853886,1,19,166,236,15.316666666666666
4.9889540000000006,1,15,166,263,18.5
9.237611600000001,1,0,75,7,22.9
4.9889540000000006,1,9,74,244,23.7
2.7036911999999997,2,19,166,152,9.5
4.6831794,1,11,74,239,29.383333333333333
3.0094658,1,21,74,263,11.016666666666667
3.1543064,1,12,74,236,14.766666666666667
4.9406738,1,22,65,145,23.016666666666666
13.7115768,1,18,134,229,44.61666666666667
3.3635205999999997,1,12,129,158,39.266666666666666
8.2720076,1,7,243,41,14.366666666666667
0.24140099999999998,2,14,74,74,3.3333333333333335
7.9984198,5,17,75,170,22.716666666666665
1.9312079999999998,2,15,75,41,10.05
0.9173237999999999,1,20,181,97,4.75
1.8507409999999997,1,19,66,33,9.483333333333333
2.4944770000000003,1,19,43,24,9.25
3.0416526,2,22,181,257,8.683333333333334
4.0394434,1,17,75,42,14.783333333333333
1.1265379999999998,1,19,82,196,6.75
4.8923936,1,16,74,239,15.7
2.092142,6,13,75,263,6.483333333333333
4.4417784,1,12,74,238,17.783333333333335
1.4162192,1,21,83,129,9.616666666666667
4.3291246,1,19,95,28,12.183333333333334
7.0810960000000005,1,7,244,239,14.8
3.7336688,3,15,95,160,15.45
3.1864932,1,16,74,166,15.816666666666666
6.5339203999999995,1,15,129,102,32.516666666666666
1.8829277999999998,1,15,82,260,9.216666666666667
1.2713786,2,20,97,181,7.45
1.8507409999999997,1,18,95,95,5.983333333333333
4.103816999999999,3,15,166,262,21.583333333333332
0.80467,1,15,95,196,4.683333333333334
2.1243288000000002,1,12,74,74,9.75
1.0782578,2,12,83,82,5.033333333333333
1.7863674,1,14,43,238,5.383333333333334
3.2025866,1,17,41,75,10.2
2.735878,2,21,166,116,10.65
1.3518455999999999,1,8,42,74,5.983333333333333
1.4323126,5,15,75,236,7.6
14.693274200000001,1,9,130,198,23.666666666666668
11.4585008,1,13,74,138,14.383333333333333
6.5822006,1,10,41,229,28.066666666666666
25.8942806,1,17,93,72,48.333333333333336
3.5405480000000003,1,10,74,151,18.35
6.6626676,1,22,74,244,11.833333333333334
10.6377374,1,22,65,226,19.683333333333334
2.2047958000000003,2,8,74,75,7.383333333333334
4.425685,1,8,210,55,8.233333333333333
4.7958332,1,7,74,237,14.15
20.6478322,2,9,83,122,30.316666666666666
2.2852628,1,8,82,129,10.433333333333334
21.967491,1,9,195,138,30.316666666666666
4.506151999999999,2,15,74,237,14.916666666666666
2.2208892,1,21,74,41,10.866666666666667
3.781949,1,13,95,135,10.783333333333333
6.0993986,1,15,82,138,10.7
1.4644994,1,16,7,179,8.333333333333334
5.9545580000000005,1,17,82,138,12.85
1.689807,1,7,166,74,6.933333333333334
1.0621644000000001,1,7,223,223,4.8
2.7197846,1,10,166,238,8.783333333333333
5.7775305999999995,5,16,74,140,25.616666666666667
2.8324384,1,16,65,188,26.233333333333334
2.1082354,1,21,75,74,5.6
11.9734896,1,14,95,145,32.13333333333333
2.5105704,1,12,43,239,8.85
6.115492,1,19,97,114,16.816666666666666
0.5793623999999999,1,9,42,247,3.2666666666666666
2.735878,1,7,74,166,12.283333333333333
3.9750698000000004,6,9,260,260,59.016666666666666
1.5610598,1,14,24,151,6.783333333333333
3.7175754,1,9,43,142,11.4
1.6254334,2,12,166,151,7.466666666666667
1.5771532,1,18,166,238,5.866666666666666
13.888604200000001,1,13,134,101,51.28333333333333
7.7087386,1,22,223,43,22.45
2.1404222,1,12,43,236,14.85
1.4323126,1,10,43,151,4.866666666666666
1.9794882,1,11,74,75,4.633333333333334
3.1221196,1,10,74,263,13.633333333333333
6.5661072,1,13,75,234,44.28333333333333
6.0511184,1,16,82,138,9.683333333333334
10.7986714,1,11,74,138,16.683333333333334
5.7453438,1,15,82,138,10.133333333333333
2.8646252,1,14,95,95,9.766666666666667
2.5588506,1,8,74,75,15.45
6.276426,1,12,24,141,32.7
3.7014819999999995,1,18,74,236,9.616666666666667
3.5244546,2,16,74,151,18.833333333333332
10.782578,2,16,75,249,32.083333333333336
11.3780338,5,0,7,95,11.483333333333333
2.4622902,2,8,74,75,11.883333333333333
10.0905618,1,22,166,137,21.033333333333335
1.8990212,2,18,65,189,8.733333333333333
3.2669601999999998,1,12,166,42,13.416666666666666
0.9173237999999999,1,14,82,82,3.45
1.0782578,1,9,41,41,5.05
8.288101000000001,1,13,75,137,18.066666666666666
1.1265379999999998,1,13,24,238,3.45
1.448406,1,6,74,42,8.116666666666667
5.2947286,1,23,66,17,17.116666666666667
2.41401,1,17,74,75,8.75
2.0438618,1,12,74,194,4.8
0.9334172,1,14,65,25,7.15
2.092142,1,9,74,42,9.1
5.9867448,1,14,82,138,7.666666666666667
5.552223000000001,1,21,181,114,14.5
1.2552852,1,15,166,142,42.516666666666666
14.307032600000001,1,11,191,130,51.21666666666667
2.816345,5,9,74,236,12.033333333333333
7.000628999999999,1,19,74,230,20.0
1.8507409999999997,1,18,95,95,7.583333333333333
19.633948,2,13,166,93,36.38333333333333
4.506151999999999,1,12,74,238,16.933333333333334
10.4124298,1,11,74,48,28.133333333333333
1.60934,1,15,74,42,7.5
1.9151146,3,16,95,95,9.75
5.4073823999999995,1,14,43,236,21.283333333333335
6.1315854,1,22,74,142,16.083333333333332
18.1372618,1,9,74,138,46.5
2.5749440000000003,1,8,116,247,7.483333333333333
0.5149888,1,5,116,116,2.05
2.2852628,1,6,74,43,8.466666666666667
3.2025866,1,14,82,260,9.166666666666666
3.8141358000000003,1,21,75,239,10.266666666666667
12.1183302,2,16,33,45,29.9
3.4761744,1,15,95,135,15.566666666666666
2.5266638,1,17,74,236,12.766666666666667
2.6071308,1,8,74,75,11.633333333333333
3.6853886,1,8,43,262,15.383333333333333
5.0211408,1,17,66,181,28.033333333333335
6.115492,1,12,74,142,16.033333333333335
4.586619,1,8,74,262,9.083333333333334
1.2713786,1,16,75,263,6.316666666666666
5.3269154,1,22,65,225,19.583333333333332
1.7702740000000001,1,20,82,129,12.0
2.3335429999999997,1,11,43,74,13.05
5.2625418,2,9,75,163,20.116666666666667
4.667085999999999,1,23,145,130,25.833333333333332
4.0394434,1,18,74,238,16.45
2.1404222,1,23,95,102,6.016666666666667
4.1199104,1,20,74,236,11.716666666666667
2.0438618,1,11,41,42,7.616666666666666
2.2852628,1,14,43,151,8.683333333333334
14.950768599999998,2,11,260,197,19.333333333333332
7.161563,1,19,97,83,26.366666666666667
3.21868,1,17,74,166,14.516666666666667
3.8463226,2,17,95,121,17.2
0.7563898,1,19,17,217,7.683333333333334
1.1909116,1,8,42,247,3.2333333333333334
2.816345,1,11,74,236,12.266666666666667
1.7863674,1,15,74,74,13.166666666666666
4.5222454,1,16,74,238,21.65
1.6737136000000001,1,16,43,238,6.6
4.3774048,1,1,258,130,12.95
2.816345,1,16,75,141,9.833333333333334
2.5105704,1,16,97,49,14.633333333333333
0.9012304000000001,1,13,82,82,3.783333333333333
2.4622902,1,18,74,43,8.516666666666667
2.4301034,1,17,74,152,13.95
8.3363812,1,6,197,132,13.283333333333333
3.4118008,1,15,7,202,15.783333333333333
4.8602068,1,18,75,42,17.666666666666668
5.6165966,1,17,74,239,17.416666666666668
15.9485594,2,16,75,33,43.05
4.425685,1,22,97,195,15.05
10.3963364,5,7,166,90,29.716666666666665
2.4622902,1,12,95,93,6.15
11.6999018,1,16,244,246,21.1
3.7014819999999995,3,17,74,238,14.85
4.0555368,1,20,75,140,10.6
4.007256600000001,1,10,146,163,10.916666666666666
2.1404222,1,7,74,41,9.666666666666666
3.2347733999999995,1,17,95,197,26.433333333333334
1.1265379999999998,2,0,244,116,3.1166666666666667
3.2991469999999996,1,17,43,239,10.416666666666666
17.477432399999998,1,9,95,249,34.95
2.5749440000000003,1,19,75,140,11.333333333333334
4.9728606,1,10,244,243,12.733333333333333
3.8624159999999996,1,10,74,263,17.966666666666665
1.2230984,1,7,74,74,4.716666666666667
1.6254334,1,6,74,75,5.433333333333334
4.3291246,2,17,74,116,19.2
5.037234199999999,1,23,130,218,14.016666666666667
1.7219938000000001,1,18,134,134,8.9
2.6715044,1,13,74,75,13.433333333333334
2.3979166,1,9,236,263,8.6
2.2530759999999996,1,19,75,74,5.9
0.8529502,1,14,41,41,2.55
4.2647509999999995,6,12,75,143,12.95
1.3196588,5,18,95,95,7.683333333333334
2.172609,1,15,75,74,4.583333333333333
2.6715044,6,13,75,151,9.633333333333333
1.3196588,1,17,97,181,10.983333333333333
3.8302292,1,16,74,151,14.833333333333334
3.781949,1,13,41,236,13.433333333333334
4.1199104,1,16,75,143,18.75
3.0899327999999997,1,17,65,17,17.866666666666667
3.21868,1,13,116,24,11.983333333333333
3.5566413999999997,4,8,24,236,14.9
3.7658555999999996,1,20,95,135,11.033333333333333
3.781949,1,16,74,262,15.35
5.037234199999999,1,11,97,217,17.45
3.379614,1,20,74,236,11.25
3.942883,1,16,41,263,13.6
3.2025866,1,8,152,151,6.016666666666667
4.9245804,1,16,74,262,13.683333333333334
1.5127796,2,17,75,236,4.6
1.2874720000000002,1,15,75,263,5.55
8.9962106,1,22,25,37,40.21666666666667
5.1177012,1,17,74,239,20.816666666666666
2.5427572,1,18,97,17,12.483333333333333
2.2530759999999996,1,8,74,74,11.583333333333334
4.184284,2,13,74,238,15.883333333333333
0.9495106,1,19,97,25,4.683333333333334
5.9384646,1,9,82,138,9.45
1.60934,1,10,42,159,6.466666666666667
3.7014819999999995,1,8,74,75,14.816666666666666
2.5910374000000003,1,9,74,166,14.233333333333333
3.1864932,1,5,74,43,9.6
2.896812,1,8,74,166,13.45
3.9267895999999998,1,22,74,262,7.7
6.0028382,1,17,82,226,23.35
9.623853200000001,1,19,66,170,16.916666666666668
5.552223000000001,1,21,74,244,8.85
5.6648768,1,13,82,138,7.933333333333334
1.9633947999999999,1,16,134,135,5.15
3.5888282,1,14,95,82,34.05
1.7702740000000001,1,20,43,236,7.516666666666667
1.5127796,1,8,75,236,7.183333333333334
15.127796,1,10,223,130,17.066666666666666
4.3291246,1,20,130,10,13.533333333333333
1.3840324,1,13,75,74,4.05
1.9312079999999998,1,20,82,196,11.916666666666666
4.9245804,1,0,130,216,14.266666666666667
4.3613114,1,18,43,43,19.466666666666665
3.2025866,1,16,42,41,13.25
2.4622902,1,13,74,152,10.4
6.8557884,1,6,74,140,17.083333333333332
3.6371084,1,19,97,17,15.516666666666667
6.598293999999999,1,8,262,170,19.233333333333334
3.5566413999999997,5,14,75,162,19.616666666666667
1.8346475999999998,5,7,74,42,10.05
16.3508944,1,10,130,129,23.733333333333334
1.448406,2,11,24,238,7.583333333333333
2.816345,1,15,97,49,14.566666666666666
4.5544322,1,13,263,140,14.083333333333334
9.1088644,1,14,55,55,27.95
6.2442392,1,17,83,138,13.633333333333333
5.9545580000000005,1,23,255,211,21.183333333333334
4.6509926,1,17,82,70,14.1
2.41401,1,11,74,75,9.8
2.655411,1,14,41,75,18.666666666666668
1.9633947999999999,1,17,43,263,7.533333333333333
1.7219938000000001,1,17,43,238,6.866666666666666
3.6853886,1,16,74,151,11.233333333333333
1.9633947999999999,1,16,75,74,4.683333333333334
4.02335,1,19,74,116,17.166666666666668
4.1360038,1,17,74,141,15.35
2.5105704,1,20,75,237,9.75
6.7270411999999995,2,16,66,43,42.18333333333333
2.3174495999999998,1,17,75,262,9.8
4.345218,1,20,74,237,13.35
2.9772790000000002,1,20,166,75,10.566666666666666
2.7519714,1,15,74,236,12.416666666666666
2.9933724,1,13,75,237,13.4
1.7863674,1,14,74,41,8.316666666666666
2.9289988,1,19,74,24,12.066666666666666
7.000628999999999,1,0,95,216,14.583333333333334
2.3174495999999998,3,14,95,95,11.216666666666667
19.1350526,2,4,157,166,29.866666666666667
9.446825800000001,1,11,74,48,25.2
2.6393176,1,16,75,263,8.35
5.9062778,2,14,260,112,18.766666666666666
1.9955816,1,14,42,69,8.466666666666667
1.8507409999999997,1,8,74,41,8.8
1.448406,1,9,166,238,3.3333333333333335
1.4162192,1,9,74,166,10.833333333333334
6.9201619999999995,1,23,255,229,17.433333333333334
5.5844098,1,12,74,141,24.916666666666668
4.345218,1,13,74,238,18.3
10.782578,1,19,74,138,14.733333333333333
14.48406,1,15,244,229,45.71666666666667
2.2691694,1,19,134,197,9.916666666666666
3.6371084,1,8,55,21,10.933333333333334
8.690436,1,21,130,219,18.283333333333335
2.8324384,3,13,33,40,12.116666666666667
1.0943512,1,15,74,41,5.166666666666667
8.6743426,2,11,75,244,14.616666666666667
11.5389678,1,7,195,68,26.983333333333334
2.1565156,1,15,75,151,7.616666666666666
3.7014819999999995,1,17,74,238,17.3
4.473965199999999,1,13,75,141,20.866666666666667
1.4966862,1,17,43,236,9.633333333333333
1.5932466,1,19,74,75,4.566666666666666
6.2442392,5,19,7,161,21.183333333333334
33.5708324,1,3,152,1,32.1
1.689807,1,9,75,74,5.0
10.364149600000001,1,17,244,241,34.9
3.6371084,1,16,43,239,19.35
6.7270411999999995,1,14,166,243,20.65
2.9129054,1,15,95,196,24.666666666666668
4.8923936,1,18,74,239,14.266666666666667
3.7497622,1,20,74,116,14.2
2.1082354,5,18,7,179,11.483333333333333
2.4622902,1,5,74,75,10.883333333333333
2.5910374000000003,1,23,74,42,6.433333333333334
3.379614,1,13,65,17,16.6
1.9312079999999998,2,22,260,226,11.683333333333334
4.908487,1,16,74,140,14.0
10.814764799999999,1,18,66,85,35.36666666666667
4.3291246,1,14,74,262,18.383333333333333
11.023978999999999,1,21,260,144,24.066666666666666
2.3013562,1,18,75,263,7.183333333333334
2.2530759999999996,1,12,166,116,8.35
1.4805928000000002,1,13,74,236,10.083333333333334
2.4301034,1,10,179,146,9.45
4.5222454,1,18,130,121,16.55
3.2830536,2,16,75,142,21.783333333333335
13.8081372,1,13,166,232,30.783333333333335
2.1565156,1,7,74,75,7.8
1.3518455999999999,1,9,41,74,5.316666666666666
1.8829277999999998,1,17,92,73,12.466666666666667
11.6838084,1,9,244,163,26.7
3.6853886,1,12,95,28,9.966666666666667
1.448406,1,11,75,236,7.316666666666666
10.7342978,1,7,41,68,17.866666666666667
16.5922954,1,22,223,114,29.316666666666666
3.4600809999999997,2,18,260,260,12.75
1.448406,1,6,74,42,5.833333333333333
4.2808444,1,11,43,142,18.133333333333333
2.1565156,1,7,74,75,13.6
5.8419042,1,6,74,140,11.733333333333333
3.8946028,1,8,116,151,8.466666666666667
2.0760486,1,10,65,40,12.25
5.037234199999999,1,21,43,162,21.933333333333334
1.367939,1,7,74,75,4.716666666666667
3.3313338,2,12,65,17,12.516666666666667
5.5361296,1,18,75,141,22.216666666666665
0.4667086,1,13,41,41,2.95
5.8258108,1,23,65,112,17.65
4.345218,1,21,33,87,10.55
11.426314,1,8,223,255,42.916666666666664
3.781949,2,17,43,142,12.916666666666666
1.9473014,2,20,65,49,7.55
17.4452456,1,19,130,7,25.75
3.5083612000000004,1,13,260,146,14.55
5.874091,1,14,75,229,16.95
9.334171999999999,2,12,244,142,18.183333333333334
6.7270411999999995,1,11,130,191,18.766666666666666
4.9245804,1,21,75,162,17.816666666666666
3.5727348,1,14,166,239,11.35
12.955187,1,13,82,17,34.733333333333334
5.9062778,6,14,43,170,28.983333333333334
1.528873,1,14,75,236,6.583333333333333
2.172609,6,15,82,129,13.5
4.8923936,1,9,74,244,23.733333333333334
2.2530759999999996,1,18,223,223,6.733333333333333
4.8602068,1,14,82,70,10.133333333333333
3.2830536,1,17,75,166,11.183333333333334
9.65604,1,14,75,68,38.63333333333333
2.41401,1,18,75,262,11.733333333333333
2.3657298,1,17,74,152,12.383333333333333
2.41401,1,8,74,75,26.183333333333334
2.2530759999999996,2,22,97,49,10.6
3.621015,1,10,130,197,11.883333333333333
9.495106,1,19,75,107,25.116666666666667
0.7724831999999999,1,10,74,74,3.3833333333333333
2.2530759999999996,1,18,41,24,9.233333333333333
4.2486576000000005,1,8,43,230,15.483333333333333
0.7563898,1,10,41,74,4.666666666666667
3.4439876000000003,1,18,75,239,11.5
2.7036911999999997,1,11,74,75,11.816666666666666
0.32186800000000004,1,18,75,75,1.25
5.246448399999999,2,4,80,49,14.466666666666667
2.1887024,1,15,74,41,7.733333333333333
2.6715044,1,19,95,102,15.116666666666667
2.2369825999999997,1,7,74,75,12.733333333333333
5.0533276,1,9,129,164,22.483333333333334
2.4301034,1,23,83,82,11.883333333333333
6.759228,1,11,65,89,20.966666666666665
2.2208892,1,17,166,238,9.783333333333333
1.8990212,5,20,7,179,7.066666666666666
2.9772790000000002,1,12,74,236,8.95
8.3202878,1,7,243,41,11.3
8.207633999999999,1,9,74,143,16.816666666666666
2.0438618,1,10,74,168,7.966666666666667
2.6875978,1,20,95,28,5.883333333333334
3.8141358000000003,1,17,74,236,13.416666666666666
3.8946028,2,18,82,129,12.233333333333333
1.7702740000000001,1,15,74,41,7.783333333333333
5.63269,1,9,74,140,12.15
2.3335429999999997,1,8,74,75,13.75
1.6737136000000001,1,19,82,129,10.816666666666666
1.9312079999999998,1,16,74,42,13.583333333333334
1.1909116,5,23,223,223,3.35
13.1644012,1,14,75,45,27.433333333333334
6.43736,1,8,82,138,11.616666666666667
2.7519714,2,8,74,75,15.45
3.0416526,1,20,24,239,11.333333333333334
0.6276426,1,16,75,236,1.7833333333333334
2.2530759999999996,6,11,75,263,13.483333333333333
2.8807186000000002,1,9,75,237,10.9
6.3086128,2,12,75,167,24.633333333333333
6.469546799999999,1,14,74,243,25.95
2.2208892,1,16,95,95,11.183333333333334
2.2852628,1,19,43,262,10.516666666666667
1.7541806000000002,1,11,97,189,6.4
3.0255592,1,16,196,173,15.866666666666667
3.057746,1,18,41,166,10.416666666666666
2.0760486,1,17,65,49,12.616666666666667
2.5749440000000003,1,7,74,75,9.5
5.5844098,1,14,130,131,20.116666666666667
2.6393176,1,7,152,244,10.216666666666667
15.674971600000001,1,8,33,236,36.38333333333333
2.5427572,1,9,75,237,9.15
3.3635205999999997,1,16,97,181,13.366666666666667
2.9611856000000003,1,20,95,95,9.133333333333333
3.379614,1,18,65,61,14.033333333333333
2.5427572,1,15,42,74,13.816666666666666
2.4461968,1,20,130,134,10.133333333333333
0.5793623999999999,1,15,75,75,4.216666666666667
9.0444908,1,13,166,164,24.033333333333335
1.2874720000000002,1,19,75,263,5.966666666666667
2.2530759999999996,1,17,97,49,10.683333333333334
12.07005,1,11,65,161,22.516666666666666
2.655411,1,17,95,160,11.883333333333333
0.9012304000000001,1,20,83,83,3.933333333333333
11.7320886,3,15,95,146,30.6
8.85137,1,18,74,243,27.75
6.1637722,6,8,166,163,17.166666666666668
1.4162192,1,8,43,263,7.383333333333334
1.8990212,1,22,74,74,5.65
4.5383388,1,17,244,166,12.916666666666666
3.3152404,1,17,75,140,13.65
1.4323126,1,6,74,42,6.5
2.3657298,1,7,74,75,12.616666666666667
1.9312079999999998,1,15,42,41,6.4
10.782578,1,11,74,138,14.65
6.179865599999999,1,10,42,42,28.666666666666668
1.5449663999999999,1,22,75,236,4.216666666666667
6.0993986,1,16,82,138,9.85
5.9867448,2,20,166,140,19.3
2.5910374000000003,1,14,244,42,10.083333333333334
1.3840324,1,8,223,223,5.983333333333333
4.1360038,1,17,75,161,18.816666666666666
5.4878494,1,16,82,70,12.55
3.781949,1,9,166,244,16.383333333333333
6.807508200000001,1,19,82,70,21.2
3.4761744,1,14,65,61,13.816666666666666
3.5566413999999997,1,10,129,226,22.566666666666666
2.896812,1,8,74,166,11.533333333333333
0.9495106,6,18,83,83,8.35
2.1887024,1,7,74,75,7.566666666666666
1.1265379999999998,1,16,42,74,6.883333333333334
10.3319628,2,20,181,230,37.1
1.0299776,1,18,43,263,7.75
8.223727400000001,1,0,130,38,20.0
2.092142,1,17,75,74,9.166666666666666
2.1887024,1,9,236,238,8.916666666666666
1.0138842,1,16,74,74,3.466666666666667
0.9977908,1,20,196,95,2.95
4.6992728,1,9,74,238,23.916666666666668
3.2347733999999995,1,9,65,231,9.45
1.1265379999999998,1,7,74,75,4.6
4.8441133999999995,1,6,43,161,7.933333333333334
7.0810960000000005,2,19,97,261,14.583333333333334
2.092142,1,16,166,238,6.8
1.8185542,1,17,210,210,12.883333333333333
1.5449663999999999,1,13,236,43,8.516666666666667
6.9684422,1,20,97,35,22.916666666666668
0.37014820000000004,1,10,95,95,1.1666666666666667
1.689807,1,10,74,41,9.033333333333333
2.8646252,1,18,43,41,11.0
10.3963364,1,0,130,9,19.9
3.8463226,1,12,43,143,15.05
1.367939,1,22,223,223,4.85
2.5427572,1,18,97,189,16.633333333333333
5.5200362,1,18,74,239,16.433333333333334
2.5427572,5,17,95,135,8.633333333333333
3.2508668,1,11,74,236,9.55
2.3818232,1,12,75,237,16.816666666666666
1.8185542,2,14,41,152,9.033333333333333
8.207633999999999,1,15,134,218,28.55
3.4118008,1,13,75,141,18.633333333333333
1.1104446,1,17,43,236,3.6166666666666667
2.011675,1,18,75,74,4.366666666666666
4.007256600000001,1,11,74,262,14.583333333333334
2.6232241999999997,1,20,74,236,6.133333333333334
1.8346475999999998,1,16,75,166,9.066666666666666
3.4600809999999997,1,9,74,166,14.266666666666667
5.7453438,1,22,82,70,9.8
3.1864932,2,7,74,151,10.25
2.2208892,1,9,74,75,8.133333333333333
1.8829277999999998,1,7,74,75,13.383333333333333
11.8769292,1,17,95,145,27.816666666666666
1.448406,1,13,97,65,9.716666666666667
2.8646252,1,10,74,236,11.066666666666666
3.1060262,1,12,95,196,13.366666666666667
1.2230984,1,17,75,236,5.9
2.0760486,1,12,74,75,12.066666666666666
2.735878,1,16,74,116,20.316666666666666
1.9151146,5,7,75,237,21.616666666666667
3.0416526,1,19,33,195,13.566666666666666
1.4966862,1,21,92,92,8.05
4.1199104,1,11,82,138,9.783333333333333
2.5749440000000003,2,18,74,75,8.633333333333333
4.7314596,1,16,130,205,18.25
6.6626676,1,22,166,50,11.816666666666666
2.1243288000000002,1,18,116,41,8.333333333333334
0.48280199999999995,1,18,52,25,2.0166666666666666
4.3130312,1,14,74,151,17.333333333333332
2.2369825999999997,1,11,75,74,9.183333333333334
6.2281458,1,16,75,186,42.43333333333333
4.0716301999999995,1,21,74,244,13.2
9.8813476,2,15,97,26,42.61666666666667
5.471756,1,19,74,238,21.383333333333333
5.0533276,2,8,74,159,25.15
6.8557884,1,18,166,50,23.483333333333334
3.1543064,1,19,74,159,19.1
0.9012304000000001,1,9,236,263,3.35
1.9312079999999998,1,15,166,238,6.75
0.45061520000000005,1,0,130,130,2.1
1.9312079999999998,1,15,74,41,8.45
1.5610598,1,7,74,42,7.783333333333333
1.5127796,5,12,74,74,5.35
2.1243288000000002,1,23,66,65,10.9
2.6875978,1,17,75,239,7.733333333333333
1.9312079999999998,2,19,25,54,14.083333333333334
1.4644994,1,15,95,95,4.816666666666666
2.2530759999999996,1,15,75,74,7.566666666666666
1.4323126,1,20,66,33,6.5
2.0599552,1,23,97,97,13.25
3.1864932,6,11,75,41,10.683333333333334
2.1887024,6,17,75,74,5.4
12.0217698,1,18,244,230,25.416666666666668
2.6875978,1,12,97,34,18.166666666666668
2.2852628,1,13,75,74,7.85
3.0738393999999998,1,14,82,7,15.95
3.8463226,1,13,41,236,14.883333333333333
3.8785094,1,17,74,263,20.183333333333334
3.6692951999999996,1,7,74,166,16.25
2.3979166,1,5,74,43,8.75
2.6071308,5,17,65,49,9.166666666666666
5.4556626,1,16,134,216,21.1
0.7885766,1,14,75,75,4.9
1.207005,1,17,75,41,3.183333333333333
1.3196588,1,10,74,41,5.6
2.6393176,1,9,197,134,10.316666666666666
2.6715044,1,17,41,116,12.866666666666667
5.1177012,1,9,74,141,13.95
2.2530759999999996,1,7,75,74,4.966666666666667
2.1243288000000002,1,18,41,75,6.983333333333333
5.0050474,1,12,116,238,18.266666666666666
2.5749440000000003,1,8,74,166,11.283333333333333
2.6875978,2,16,97,33,14.116666666666667
1.207005,1,12,264,264,2.9
4.7314596,1,22,97,231,12.633333333333333
0.19312079999999998,4,21,130,130,2.7666666666666666
0.9495106,1,9,166,41,3.5
2.4461968,1,10,74,75,18.816666666666666
4.747553,1,13,74,262,19.016666666666666
1.3840324,1,18,97,189,8.316666666666666
2.0760486,1,9,74,166,9.383333333333333
4.6992728,1,4,82,82,25.0
0.9012304000000001,1,15,129,260,4.916666666666667
11.297566799999998,1,21,65,14,20.366666666666667
3.4922678,1,13,236,140,23.916666666666668
2.9611856000000003,1,12,75,166,9.783333333333333
1.7863674,1,16,43,238,5.983333333333333
3.7336688,1,10,74,238,12.516666666666667
2.896812,6,13,75,74,11.133333333333333
2.6232241999999997,1,12,75,166,10.833333333333334
3.5566413999999997,1,13,74,263,15.433333333333334
1.5932466,1,11,75,41,5.5
3.7658555999999996,1,9,74,238,9.816666666666666
3.6853886,1,7,74,166,17.033333333333335
3.9106962000000003,1,23,74,263,11.033333333333333
1.9955816,1,12,74,74,9.866666666666667
1.9312079999999998,1,21,97,33,7.666666666666667
2.1243288000000002,1,18,82,207,7.35
0.19312079999999998,1,14,82,83,3.05
1.448406,1,19,74,42,6.366666666666666
4.184284,2,15,74,262,13.283333333333333
2.896812,1,10,166,116,6.75
2.8646252,1,21,95,95,6.65
3.0738393999999998,2,19,74,166,15.433333333333334
3.4118008,1,16,193,112,10.183333333333334
2.2530759999999996,1,7,74,75,6.166666666666667
1.8024608000000002,1,9,75,238,9.033333333333333
1.6576202,2,17,75,74,5.85
2.2691694,1,12,74,42,9.566666666666666
2.2530759999999996,1,19,74,75,6.633333333333334
1.3035654,1,21,75,236,5.95
3.2830536,1,14,74,24,12.916666666666666
8.931837,1,13,260,134,34.0
4.9728606,1,20,74,244,18.666666666666668
0.5471756,1,18,65,97,9.266666666666667
3.3313338,1,14,42,151,12.866666666666667
4.8602068,1,12,41,142,20.05
2.7841582,2,11,166,75,15.066666666666666
2.5427572,1,18,66,54,8.45
1.8668344,2,15,74,41,8.966666666666667
2.3335429999999997,1,19,75,24,9.45
3.621015,1,19,82,138,14.283333333333333
2.816345,1,17,97,49,19.4
7.402963999999999,1,10,74,239,20.25
1.9312079999999998,1,14,74,75,9.716666666666667
2.7036911999999997,1,9,166,75,11.783333333333333
6.0028382,1,15,82,138,11.783333333333333
1.1909116,1,23,7,7,4.716666666666667
2.6715044,1,13,74,152,13.716666666666667
2.7036911999999997,1,19,41,42,9.5
1.2713786,1,12,95,95,7.883333333333334
3.9750698000000004,1,10,74,263,14.45
2.3657298,1,12,166,75,10.466666666666667
2.655411,6,11,168,74,7.15
5.8579976,1,2,83,7,12.15
2.7036911999999997,1,17,74,166,10.8
3.4922678,1,12,74,151,13.433333333333334
5.1659814,1,13,74,75,22.033333333333335
3.2830536,1,17,75,142,10.35
4.9889540000000006,1,15,166,262,17.233333333333334
3.0738393999999998,2,9,74,166,14.566666666666666
4.667085999999999,1,20,75,229,25.25
5.1981682,1,18,236,230,21.783333333333335
1.1265379999999998,1,10,41,41,5.366666666666666
11.555061199999999,1,17,65,227,26.333333333333332
3.5727348,2,15,74,166,14.733333333333333
3.2830536,1,11,75,140,20.916666666666668
3.21868,5,19,74,236,8.716666666666667
2.2530759999999996,1,8,74,75,10.616666666666667
4.2486576000000005,1,9,74,262,19.916666666666668
0.14484059999999999,1,17,66,97,16.233333333333334
1.3035654,5,14,33,52,16.216666666666665
5.9545580000000005,1,16,66,249,47.13333333333333
1.2391918,1,17,95,95,4.266666666666667
1.4162192,1,2,255,256,3.5833333333333335
1.8668344,1,18,75,263,8.1
8.3363812,1,4,25,158,26.5
5.149888000000001,5,15,75,162,26.95
10.6860176,1,17,74,138,22.383333333333333
1.7219938000000001,1,20,95,134,5.416666666666667
4.1681906,1,19,41,262,13.316666666666666
5.1981682,1,22,74,141,15.816666666666666
1.4644994,1,8,74,75,4.35
1.4805928000000002,1,12,83,82,10.7
2.7680648,1,12,95,28,8.55
1.367939,5,22,129,129,6.283333333333333
5.2786352,1,14,43,170,30.05
14.789834599999999,1,18,75,220,28.05
3.21868,1,13,75,237,14.816666666666666
6.9845356,1,15,97,133,22.15
6.43736,2,19,74,141,15.1
0.9656039999999999,2,18,75,75,2.35
2.6715044,1,8,74,166,11.25
4.184284,1,8,74,43,13.933333333333334
1.9955816,1,21,75,238,6.366666666666666
3.0094658,2,17,65,40,13.416666666666666
1.8507409999999997,1,21,179,179,8.766666666666667
2.2691694,1,8,74,75,10.55
7.1132827999999995,1,21,130,219,21.3
1.5932466,1,17,97,97,13.616666666666667
2.9933724,1,15,74,263,11.35
3.8463226,1,21,74,151,10.266666666666667
0.7563898,1,14,41,151,3.1166666666666667
3.1060262,1,18,43,166,8.766666666666667
7.24203,1,20,166,236,25.1
0.20921420000000002,1,14,242,242,1.55
0.80467,1,22,223,223,3.4166666666666665
6.5822006,1,23,65,89,20.633333333333333
2.4622902,1,14,74,75,11.633333333333333
5.9384646,2,17,97,188,23.9
1.6254334,1,21,129,129,7.7
5.809717399999999,1,16,82,138,12.05
0.9495106,1,17,74,41,4.033333333333333
1.6254334,1,21,66,66,7.716666666666667
1.7541806000000002,1,12,82,129,15.083333333333334
5.7614372000000005,1,5,74,140,11.733333333333333
21.2271946,1,13,66,1,32.5
2.5266638,1,12,74,75,13.766666666666667
1.7863674,1,14,95,95,10.366666666666667
1.6254334,1,7,42,74,6.316666666666666
2.9611856000000003,1,14,43,238,17.316666666666666
6.2281458,2,18,95,129,28.2
1.5932466,4,12,75,75,9.016666666666667
1.2552852,1,11,42,42,5.883333333333334
4.2003774,1,8,95,135,17.233333333333334
6.8557884,1,17,65,89,27.8
6.0189316,1,13,82,138,10.816666666666666
1.367939,1,14,69,47,7.3
1.7702740000000001,1,15,42,116,11.616666666666667
5.5200362,1,21,74,141,12.233333333333333
4.506151999999999,2,16,65,225,21.916666666666668
0.9816973999999999,2,13,236,263,5.583333333333333
18.4108496,1,13,130,255,33.05
2.5105704,1,10,41,42,9.45
6.2603326,1,17,74,142,19.7
4.007256600000001,1,16,74,238,17.416666666666668
3.4922678,1,16,82,82,25.166666666666668
6.2442392,1,10,43,170,33.36666666666667
4.7958332,1,0,7,260,12.066666666666666
11.7320886,1,14,244,161,31.3
2.5910374000000003,1,7,74,42,10.433333333333334
2.4783836,1,6,74,75,7.816666666666666
2.1243288000000002,1,7,74,75,14.233333333333333
1.9955816,1,14,43,238,5.066666666666666
2.2208892,1,20,74,42,9.983333333333333
0.7724831999999999,1,8,42,42,3.2
0.7724831999999999,1,10,236,236,5.0
11.426314,1,14,130,138,17.016666666666666
4.9728606,1,14,65,181,20.533333333333335
2.7841582,1,9,74,75,18.583333333333332
16.6888558,1,8,65,138,15.366666666666667
15.787625400000001,1,16,130,179,23.733333333333334
1.4805928000000002,1,10,95,95,8.483333333333333
1.8346475999999998,2,15,75,41,4.3
12.230984,1,7,236,125,32.15
3.0738393999999998,1,14,43,141,17.3
4.2969378,2,18,74,237,14.533333333333333
2.41401,1,19,75,262,6.783333333333333
2.4461968,1,15,83,82,11.9
10.621644,1,13,74,138,17.216666666666665
3.0094658,2,9,236,237,10.666666666666666
6.179865599999999,1,15,82,138,10.166666666666666
2.41401,1,8,74,75,11.9
1.7380872,6,0,41,42,9.083333333333334
2.9129054,1,19,65,195,12.233333333333333
2.3335429999999997,2,8,74,75,7.683333333333334
4.586619,1,15,43,142,17.033333333333335
8.4007548,1,18,75,224,27.933333333333334
33.2167776,1,11,166,1,46.266666666666666
2.1404222,1,9,74,75,15.683333333333334
4.1520972,1,18,65,45,17.35
3.4439876000000003,1,17,43,237,13.733333333333333
2.4622902,1,16,75,151,9.2
8.529501999999999,1,3,157,79,21.316666666666666
1.5610598,1,13,74,42,7.666666666666667
1.4001258,1,22,166,166,4.966666666666667
2.1404222,1,15,82,157,7.683333333333334
3.3474272000000003,1,17,129,173,23.4
1.0138842,6,10,42,42,4.35
2.5266638,1,17,75,41,6.733333333333333
2.092142,1,16,75,74,13.5
5.3430088,1,21,74,238,18.716666666666665
10.943512,1,10,65,230,33.61666666666667
4.6831794,2,1,129,157,16.366666666666667
3.2830536,1,20,74,24,12.133333333333333
2.41401,1,5,74,152,7.55
3.3152404,1,16,95,134,13.416666666666666
4.0394434,6,14,43,141,22.316666666666666
11.587248,1,12,244,230,21.55
2.5910374000000003,1,2,82,129,13.266666666666667
4.6348991999999996,1,15,74,262,14.15
2.2208892,1,8,74,43,8.683333333333334
2.7519714,2,10,74,166,12.783333333333333
6.2603326,1,23,74,244,9.883333333333333
5.0211408,1,18,74,239,17.583333333333332
1.1587247999999999,1,11,41,41,4.066666666666666
3.057746,5,15,75,42,9.616666666666667
3.2025866,1,15,74,236,8.716666666666667
1.8346475999999998,1,15,75,236,9.233333333333333
8.0949802,1,6,216,191,27.933333333333334
3.7658555999999996,1,7,74,74,9.116666666666667
0.48280199999999995,1,14,166,41,1.75
3.6049216000000004,1,5,37,36,11.916666666666666
1.4966862,1,7,75,74,2.3833333333333333
2.4944770000000003,5,9,74,43,7.833333333333333
5.230355,1,13,65,188,20.133333333333333
3.0416526,2,9,166,152,10.15
2.092142,1,8,74,75,12.133333333333333
5.7292504,5,7,75,42,14.666666666666666
3.7014819999999995,1,16,74,236,16.333333333333332
2.092142,1,9,74,75,6.883333333333334
17.9924212,1,14,130,146,57.3
1.6576202,3,9,236,263,8.6
8.85137,1,11,166,142,15.9
1.3840324,1,3,129,129,7.016666666666667
2.6393176,1,18,92,53,9.033333333333333
0.6759227999999999,1,11,75,75,1.8833333333333333
3.6853886,1,11,74,236,11.783333333333333
0.6276426,5,15,43,236,7.35
6.0833052,1,10,82,138,7.983333333333333
2.9933724,1,18,75,237,10.683333333333334
2.3496364,1,11,74,75,13.1
3.21868,1,12,75,41,11.95
12.890813399999999,1,17,66,164,33.86666666666667
5.3751956,1,11,41,141,22.6
5.310822,1,16,129,138,10.7
8.6421558,1,13,41,229,21.366666666666667
6.115492,1,12,82,138,10.25
1.7380872,1,19,97,97,14.45
3.8624159999999996,1,12,74,166,12.0
5.3751956,1,17,129,92,31.3
5.9545580000000005,1,9,74,163,22.516666666666666
11.587248,2,19,244,163,21.333333333333332
3.8141358000000003,1,10,74,151,19.166666666666668
4.3774048,1,23,74,141,8.433333333333334
6.5822006,1,21,74,143,25.483333333333334
8.7548096,1,15,75,234,30.0
2.2530759999999996,1,8,74,75,6.533333333333333
5.5361296,1,22,65,88,17.816666666666666
1.9473014,1,12,41,42,8.466666666666667
2.5749440000000003,1,8,74,166,13.583333333333334
2.4461968,1,8,74,75,15.35
10.299776000000001,1,7,157,236,26.316666666666666
4.876300199999999,1,16,74,238,14.833333333333334
2.5588506,1,18,74,75,8.016666666666667
6.3086128,1,11,41,161,30.333333333333332
5.63269,1,6,74,140,12.483333333333333
1.4001258,1,12,75,151,2.8666666666666667
4.2164708,1,19,74,262,14.816666666666666
2.9289988,1,17,43,239,10.966666666666667
9.7847872,1,14,244,170,35.03333333333333
4.5222454,1,16,74,239,21.366666666666667
3.9589764,1,20,65,76,28.233333333333334
0.9495106,1,21,92,92,6.216666666666667
3.21868,1,0,97,89,20.216666666666665
10.46071,1,10,223,50,36.6
15.8359056,1,12,75,157,36.71666666666667
4.9567672,1,0,130,218,13.65
1.9312079999999998,1,0,43,238,4.816666666666666
8.4168482,1,3,157,189,24.7
3.7336688,1,16,74,236,14.533333333333333
2.172609,2,17,74,75,8.816666666666666
27.7128348,1,17,74,132,42.06666666666667
1.5771532,1,17,97,97,13.416666666666666
42.727977,1,8,195,132,34.766666666666666
2.1243288000000002,1,16,41,151,10.216666666666667
0.402335,2,17,25,25,5.05
13.067840799999999,1,8,41,4,38.38333333333333
3.0094658,1,9,74,75,9.516666666666667
1.1104446,1,17,216,216,9.083333333333334
1.7541806000000002,1,18,74,74,8.066666666666666
2.6232241999999997,1,9,74,74,11.783333333333333
1.8829277999999998,1,16,152,116,5.3
2.9933724,2,13,74,263,13.083333333333334
2.7680648,1,12,75,41,8.683333333333334
3.0416526,1,6,74,166,12.533333333333333
2.7841582,1,7,74,75,13.966666666666667
1.4805928000000002,1,19,83,83,8.25
7.000628999999999,5,19,82,102,33.88333333333333
2.2852628,5,13,260,129,12.866666666666667
5.069421,1,14,74,262,21.1
3.21868,1,14,75,166,10.9
12.713786,4,10,195,100,46.38333333333333
2.6393176,1,8,74,166,11.683333333333334
1.8668344,1,15,97,49,16.183333333333334
4.4578718,1,21,74,151,12.2
3.6049216000000004,1,7,74,263,8.416666666666666
9.446825800000001,1,8,166,246,17.25
5.9545580000000005,1,20,43,229,13.233333333333333
1.046071,1,19,75,236,5.3
10.1549354,1,12,197,177,26.566666666666666
4.2325642,1,21,97,61,17.616666666666667
0.9656039999999999,6,10,75,236,4.683333333333334
2.3818232,1,16,74,75,7.366666666666666
18.0728882,1,15,75,252,43.2
1.689807,1,16,43,238,6.433333333333334
5.5039428,1,20,74,263,13.766666666666667
10.605550599999999,6,17,83,197,41.983333333333334
2.6715044,1,19,74,236,6.633333333333334
6.1637722,1,15,97,227,28.983333333333334
2.3657298,1,5,74,75,6.583333333333333
4.7958332,1,18,82,70,11.733333333333333
4.667085999999999,1,18,74,262,13.55
4.7153662,1,17,42,235,15.933333333333334
4.7958332,5,7,74,237,19.033333333333335
3.1703997999999998,1,21,83,226,10.366666666666667
4.4900586,1,14,43,142,18.566666666666666
3.6853886,2,18,74,263,14.116666666666667
0.9816973999999999,1,20,75,236,6.35
3.1221196,1,15,74,236,8.916666666666666
1.367939,1,0,74,75,5.65
5.1659814,1,15,43,48,14.566666666666666
7.5156178,1,12,74,233,15.35
3.3152404,1,17,43,140,12.816666666666666
2.9611856000000003,1,22,244,116,9.616666666666667
1.2874720000000002,1,16,95,95,5.55
2.9611856000000003,1,19,95,135,8.55
15.674971600000001,1,16,130,7,25.866666666666667
2.0438618,2,7,75,262,7.983333333333333
7.3868706,1,12,74,141,22.433333333333334
2.7197846,1,16,75,166,14.1
2.896812,1,17,43,141,13.533333333333333
1.0943512,1,16,74,74,3.283333333333333
1.1909116,1,16,75,75,8.8
2.2852628,1,15,24,43,8.35
2.1243288000000002,1,15,41,75,9.533333333333333
1.7059004,5,9,236,237,5.45
6.5339203999999995,1,18,74,151,17.983333333333334
3.379614,1,19,75,239,10.25
8.0949802,1,15,130,139,30.416666666666668
2.0277684,1,15,75,74,8.216666666666667
1.5932466,1,13,95,95,6.85
0.7724831999999999,1,15,75,75,7.366666666666666
1.9633947999999999,1,14,74,42,7.516666666666667
1.5932466,1,7,74,41,6.9
10.3963364,1,10,243,143,13.483333333333333
6.2442392,1,23,66,256,18.383333333333333
3.2830536,1,12,41,238,12.633333333333333
1.2713786,1,11,95,95,5.666666666666667
0.8529502,1,15,82,82,5.533333333333333
4.9567672,1,13,74,238,20.0
2.2530759999999996,1,22,74,41,11.3
2.41401,1,8,74,75,13.283333333333333
3.8624159999999996,1,17,74,262,15.366666666666667
11.941302799999999,1,22,74,90,25.383333333333333
1.8990212,1,10,74,152,5.916666666666667
2.5588506,1,20,74,24,7.083333333333333
2.2530759999999996,1,8,74,75,11.183333333333334
2.2530759999999996,1,10,74,75,8.05
1.60934,1,11,43,151,7.25
33.9248872,2,7,195,132,30.266666666666666
8.2559142,2,14,75,243,38.4
2.7841582,2,9,166,239,9.2
1.7863674,2,6,74,74,6.133333333333334
3.9106962000000003,1,18,7,129,14.816666666666666
1.3840324,1,8,74,75,6.716666666666667
3.8624159999999996,1,3,243,116,7.933333333333334
4.876300199999999,1,18,74,238,21.983333333333334
6.0993986,1,16,74,142,19.683333333333334
8.947930399999999,1,18,82,28,31.25
1.9955816,1,8,41,42,7.1
9.816974,1,14,152,68,16.45
1.6254334,2,8,95,134,8.7
3.7175754,1,10,41,263,17.016666666666666
1.1748182,1,16,43,151,4.766666666666667
4.506151999999999,1,15,74,239,20.716666666666665
3.057746,1,15,75,263,13.65
2.896812,1,18,74,166,10.183333333333334
2.6232241999999997,1,17,82,95,8.1
2.1887024,1,10,74,75,11.283333333333333
20.7443926,2,10,83,89,47.233333333333334
2.7036911999999997,1,8,74,236,17.983333333333334
2.1404222,5,18,75,74,4.3
2.9772790000000002,6,15,75,237,14.533333333333333
1.7059004,6,12,43,238,4.75
10.782578,2,3,157,181,19.833333333333332
2.4622902,1,9,74,75,11.033333333333333
3.057746,1,9,74,24,11.933333333333334
1.8346475999999998,1,16,41,24,12.8
0.8851370000000001,1,10,75,75,3.0166666666666666
0.48280199999999995,2,16,75,75,3.316666666666667
5.1659814,1,14,65,225,20.683333333333334
7.209843200000001,1,9,43,137,20.15
2.0599552,1,9,75,262,8.35
10.5089902,1,18,152,200,15.916666666666666
4.2808444,1,9,74,263,15.316666666666666
4.2647509999999995,1,18,43,161,22.666666666666668
2.1404222,1,20,75,74,5.833333333333333
2.9772790000000002,1,15,43,239,15.85
4.6992728,1,12,75,142,18.85
7.644365,1,18,82,135,33.56666666666667
3.8785094,1,9,145,255,14.0
4.7636464,1,0,74,238,15.183333333333334
6.5822006,1,22,74,7,13.133333333333333
20.6317388,1,21,265,82,38.516666666666666
2.5105704,1,15,75,74,7.05
2.1565156,1,9,55,55,9.983333333333333
1.9794882,1,16,74,42,12.166666666666666
6.115492,1,14,244,220,9.833333333333334
1.5449663999999999,1,12,43,75,5.333333333333333
1.7702740000000001,3,16,166,41,6.45
6.3086128,1,23,66,255,16.85
3.379614,1,12,74,262,15.616666666666667
4.2003774,1,16,74,74,28.75
2.1082354,1,6,55,55,9.216666666666667
9.5272928,1,4,83,180,24.683333333333334
2.4461968,1,22,95,95,10.383333333333333
3.9911632,1,14,74,151,16.8
1.7541806000000002,1,20,95,134,5.966666666666667
5.7453438,2,16,74,147,24.4
1.0782578,1,22,75,75,8.033333333333333
1.3035654,1,17,82,82,5.966666666666667
2.3496364,1,3,173,129,6.433333333333334
5.391289,1,15,74,239,21.533333333333335
4.4578718,1,15,41,239,18.3
3.8624159999999996,1,8,116,151,9.866666666666667
2.816345,1,20,40,189,11.833333333333334
8.014513200000001,1,11,244,238,26.35
3.6532018,1,10,75,116,12.233333333333333
1.2874720000000002,1,14,75,74,6.866666666666666
0.37014820000000004,1,11,75,236,1.9166666666666667
7.5960848,1,11,244,238,16.5
1.9955816,1,21,66,65,14.066666666666666
0.7885766,1,17,83,83,3.7666666666666666
3.8624159999999996,1,15,74,263,10.266666666666667
2.092142,1,6,74,75,6.516666666666667
4.3613114,2,10,74,239,17.666666666666668
2.3979166,1,20,75,238,8.3
1.6737136000000001,1,14,43,236,7.75
2.2691694,1,12,41,152,9.883333333333333
2.8485318,1,21,95,196,10.983333333333333
5.6809702,1,0,146,129,19.416666666666668
2.8646252,1,9,74,166,12.683333333333334
5.8579976,1,6,74,140,9.816666666666666
1.5127796,1,11,43,239,11.45
7.0810960000000005,3,17,82,258,26.016666666666666
5.5844098,1,17,166,230,25.416666666666668
3.5888282,1,23,25,189,13.65
4.0877236,1,12,95,258,15.95
3.7980424,1,22,74,74,7.616666666666666
2.092142,1,19,75,74,5.466666666666667
2.4944770000000003,1,13,74,24,7.916666666666667
5.310822,1,11,166,163,22.683333333333334
4.345218,1,14,65,17,25.1
2.3174495999999998,1,15,82,129,13.866666666666667
13.582829599999998,1,17,244,158,25.366666666666667
12.504571799999999,1,16,75,144,33.63333333333333
